keys,en
item.wpn_dvergar_hammer.name,Dvergar Hammer
item.wpn_dvergar_hammer.desc,"Short-hafted and head-heavy. Opens shields, doors, and the occasional wall. Slow enough to get you killed."
item.wpn_ash_spear.name,Ash Spear
item.wpn_ash_spear.desc,"Reaches further than anything else you own, and is useless the moment a corridor narrows."
enemy.enm_wretch.name,Wretch
enemy.enm_hall_warden.name,Hall-Warden
enemy.enm_hoard_keeper.name,Hoard-Keeper
enemy.enm_bellringer.name,Bellringer
enemy.enm_sling_wretch.name,Sling-Wretch
item.wpn_seax.name,Seax
item.wpn_seax.desc,"A working blade, not a warrior's. Quick, light, and honest about what it cannot do."
item.wpn_volr.name,"Völr"
item.wpn_volr.desc,"A seeress's iron staff, caged at the head. It was made to be held on a high seat; it strikes like the iron rod it is."
item.wpn_bearded_axe.name,Bearded Axe
item.wpn_bearded_axe.desc,"Slower than a seax and hooked at the heel. Throw it and it lands as a blow, and then it is on the floor over there, ringing, and your hand is empty."
item.arm_mail_byrnie.name,Mail Byrnie
item.arm_mail_byrnie.desc,"Riveted rings on a leather shirt. Turns an edge, and rings like a dropped purse when you run."
item.glt_gilt_bead.name,Gilt Bead
item.glt_gilt_bead.desc,"Gold leaf over lead, and thin enough to read the lead through. It catches the light like the real thing, which was the whole of the idea."
item.glt_hoard_coin.name,Hoard-Coin
item.glt_hoard_coin.desc,"Struck by a mint that no longer exists, for a king nobody remembers. She remembers."
item.glt_raw_gemstone.name,Raw Gemstone
item.glt_raw_gemstone.desc,"Uncut, unset, and weighs nothing at all. It catches every light in the dark, including the ones looking for it."
item.glt_gilded_torc.name,Gilded Torc
item.glt_gilded_torc.desc,"Neck-ring of twisted gold. Worn by someone who wanted to be seen, and buried by someone who agreed."
item.glt_altar_plate.name,Altar-Plate
item.glt_altar_plate.desc,"A slab of offering-gold the size of a shield. Carrying it is a decision you make once and regret continuously."
item.mat_bog_iron.name,Bog Iron
item.mat_bog_iron.desc,"Dull, rust-flecked, and worth almost nothing to her. The forge disagrees."
item.rlc_regin_blade.name,Regin's Blade
item.rlc_regin_blade.desc,"Reforged by a smith who knew what it would be used for. She wants it badly — which is the problem, because so do you."
item.con_waystone.name,Waystone
item.con_waystone.desc,"Grey, unremarkable, and the only thing down here that is worth more than what you came for. Spending it ends the run with whatever is in your hands."
item.con_ember.name,Ember
item.con_ember.desc,"A piece of her fire, going out. It is heavier than it has any right to be and it will not stop making noise, and it is someone you know."
item.tol_horn_lantern.name,Horn Lantern
item.arm_round_shield.name,Round Shield
item.arm_round_shield.desc,"Linden boards under a rawhide rim. A blade held up takes nothing off a hammer coming down or a stone in the air; this does. It wants the hand the lantern wants."
item.arm_spangen_helm.name,Spangen Helm
item.arm_spangen_helm.desc,"Iron bands riveted over a leather cap. A hammer that finds your head still hurts; it does not leave you deaf and swaying for the better part of a minute."
item.arm_iron_bracers.name,Iron Bracers
item.arm_iron_bracers.desc,"Two curved plates laced over the forearms. Put an arm up against a falling blow and it stays an arm — your guard and your two-hander survive the hit."
item.tol_horn_lantern.desc,"Scraped horn instead of glass, because glass does not survive being carried. Shutter it and the dark comes back; leave it open and everything down here knows where to look."
item.con_linen_binding.name,Linen Binding
item.con_linen_binding.desc,"A strip of boiled linen and the time to tie it. Four seconds with your hands busy, and a blow or a run undoes the knot."
item.con_hush_rune.name,Hush Rune
item.con_hush_rune.desc,"A stave cut with a single rune. Break it and nothing near you makes a sound — until the wood gives out, and everything hears it go."
class.huskarl.name,Húskarl
class.huskarl.desc,"Shield-sworn. The last one standing in a doorway, and the one who decides where the doorway is."
class.huskarl.exit,"Gets out by refusing to be stopped — heavy, armoured, and still moving under weight that would pin anyone else. Loud. The Hunt finds them easily."
item.wpn_yew_bow.name,Yew Bow
item.wpn_yew_bow.desc,"Quieter than a blade and slower to bring to bear. What it buys you is that nothing has to know where you were standing."
class.veidimadr.name,Veiðimaðr
class.veidimadr.desc,"The professional who was never seen. Knows which way you came, how long ago, and where the ground gives you away."
class.veidimadr.exit,"Gets out by never having been noticed — a bow, a trap, and a route chosen before anything looked up. Poor in a straight fight. Cornered is usually dead."
class.ulfhedinn.name,Úlfheðinn
class.ulfhedinn.desc,"Wolf-coat. Goes without mail and does not step back. The thing in the dark that the dark should be afraid of."
class.ulfhedinn.exit,"Gets out through whatever is in the way — a fury that cannot be ended, blood that is paid when it is over, and a body weaker than its wont until it passes."
class.volva.name,Völva
class.volva.desc,"Seeress. Sits where others run, and comes back knowing where the thing in the dark was standing."
class.volva.exit,"Gets out by leaving before it goes wrong — a trance sat still while the Hunt walks, and a reading of the Gold-Sick, the best of the floor and the way out, true for the moment it was taken. Frail. Helpless while she sees."
verb.seidr,"Seiðr"
verb.seidr.brief,"Seiðr: hold to sit in a trance — still, guard down — and the party sees where the Gold-Sick, the best find and the way out were"
seidr.seen,"seen"
node.rit_vl_vardlokkur.name,"Varðlokkur"
node.rit_vl_vardlokkur.desc,"The ward-songs hold the trance through one blow. The blow still lands."
node.rit_vl_marking_prey.name,"Marking Prey"
node.rit_vl_marking_prey.desc,"A reading also marks every awake enemy within twenty paces, where it stood."
node.rit_vl_spa.name,"Spá"
node.rit_vl_spa.desc,"A reading also marks where the Gold-Sick is going."
node.rit_vl_ve.name,"Vé"
node.rit_vl_ve.desc,"Where you sat stays hushed a while after a reading, and cracks loud as a rune when it breaks."
node.hrd_sure_grip.name,Sure Grip
node.hrd_sure_grip.desc,"What you set down lands at your feet, instead of skidding away into the dark."
node.hrd_coin_sense.name,Coin-Sense
node.hrd_coin_sense.desc,"Gold knows your hands. Taking or setting down anything gilt makes no sound at all."
node.hrd_tally.name,Tally
node.hrd_tally.desc,"You know what a thing is worth to her before you decide whether to carry it."
node.hrd_steady_step.name,Steady Step
node.hrd_steady_step.desc,"A drop under a full load lands quiet. The weight is still there; the noise is not."
node.hrd_ready_hand.name,Ready Hand
node.hrd_ready_hand.desc,"You can take what is at your feet without closing your bag first."
node.hrd_scavenger.name,Scavenger
node.hrd_scavenger.desc,"Raw stock and scrap weigh nothing to you. It is not treasure; it is ballast you can sell."
node.hrd_long_haul.name,Long Haul
node.hrd_long_haul.desc,"No load is heavy enough to keep you off a ledge. It will still slow you and it will still be heard."
node.hrd_close_the_lid.name,Close the Lid
node.hrd_close_the_lid.desc,"Your bag shuts the instant you let go of it."
node.hrd_ballast.name,Ballast
node.hrd_ballast.desc,"Weight makes you slow. It no longer makes you loud."
node.hrd_quiet_hands.name,Quiet Hands
node.hrd_quiet_hands.desc,"Nothing you take, set down or rummage for makes a sound."
node.hrd_her_reckoning.name,Her Reckoning
node.hrd_her_reckoning.desc,"The Gullsjúkr stops singling you out for being the richest thing in the room. It can still hear you."
node.hrd_weight_of_kings.name,Weight of Kings
node.hrd_weight_of_kings.desc,"There is no limit to what you can carry. Every kilogram of it makes you slower and louder than it would make anyone else. You can haul the whole vault out. The Deep will hear you do it."
node.hrd_tribute_in_kind.name,Tribute in Kind
node.hrd_tribute_in_kind.desc,"You know what gold is worth to her. Anything you set down is worth her stooping for — and she will take it."
item.arm_hide_satchel.name,Hide Satchel
item.arm_hide_satchel.desc,"Soft hide, and it makes no sound at all. Room for more than your hands will hold, and not for a hoard."
item.arm_pack_frame.name,Pack Frame
item.arm_pack_frame.desc,"Ash staves lashed with rawhide, and room for a hoard on your back. It creaks under the load, walking or standing still."
item.glt_coin_chest.name,Coin-Chest
item.glt_coin_chest.desc,"A Dvergar king's coin, still in the king's chest. You can lift it. You cannot lift it quietly, and you will not be running anywhere."
item.rlc_otr_pelt.name,Ótr's Pelt
item.rlc_otr_pelt.desc,"The otter-skin the first hoard was paid over, and never quite covered. Wear it and the Gold-Sick cannot feel what you carry. She would give almost anything to have it back."
fallen.down,"Bleeding out — %d s. Your ember will drop where you fall."
fallen.hand,"A hand on you. Hold still."
fallen.vordr,"Vörðr. You are loose, and nothing can touch you. Scout for them."
fallen.vordr.alone,"Vörðr. Your ember is on the floor, and nobody is left standing."
fallen.up,"%s — get back up. You have one, and it is gone for the rest of the run."
fallen.up.spent,"Your one way up is spent. Hold on, or go out."
wound.broken_arm,Broken arm
wound.concussed,Concussed
wound.gashed_leg,Gashed leg
faction.fac_ashen_lodge.name,The Ashen Lodge
contract.ctr_lodge_retrieve.title,What the Keeper sits on
contract.ctr_lodge_retrieve.brief,"On {where} there is one thing worth more than the rest, and something sitting on it. Bring it up with you when you come out. We'd like to know the Deep still gives things back."
contract.ctr_lodge_cull.title,Put it down
contract.ctr_lodge_cull.brief,"There's a {target} on {where}. It has cost us two crews. We'd sleep better if it stayed down."
contract.ctr_lodge_survey.title,Find the cairn
contract.ctr_lodge_survey.brief,"One of ours built a cairn in the deepest room on {where} and didn't come back to say which way it lies. Find it and stand by it a moment. That's all we ask."
demand.dmd_torcs.named,"She wants three gilded torcs. When she has them, she will open more of herself to you."
demand.dmd_torcs.met,"Three torcs. She is pleased, and the deepest of her gifts are yours to buy."
demand.dmd_coin.named,"She wants four coins of the old mint. When she has them, she will open more of herself to you."
demand.dmd_coin.met,"Four coins. She is pleased, and the deepest of her gifts are yours to buy."
demand.dmd_gems.named,"She wants three uncut stones. When she has them, she will open more of herself to you."
demand.dmd_gems.met,"Three stones. She is pleased, and the deepest of her gifts are yours to buy."
demand.dmd_plate.named,"She wants an altar-plate, from the bottom of the Delvings. When she has it, she will open more of herself to you."
demand.dmd_plate.met,"The altar-plate. She is pleased, and the deepest of her gifts are yours to buy."
favour.fav_waystone.name,"A Waystone, for your next descent"
favour.fav_bindings.name,"Two bindings, for your next descent"
favour.fav_plan.name,"The plans: where each floor's Prize and Shaft lie"
runover.title,"YOU WENT OUT"
runover.body,"Your ember is down there, and everything you were carrying is with it. The hoard is untouched — it always is. She is waiting at the fire."
runover.go,"TO THE FIRE"
legacy.learned.title,"What you learned"
legacy.learned.body,"No descent returns nothing. This lineage carries %d lessons out of the Deep — where things were, what they did, and who would speak to you."
legacy.learned.one,"No descent returns nothing. This lineage carries its first lesson out of the Deep — where something was, what it did, or who would speak to you."
legacy.learned.none,"Nothing yet. What she will not let one life keep — tribute past what its rank can hold — is what a lineage learns, and this one has not given her that much."
legacy.learned.life,"That life was a %s, at rank %d. It is over."
legacy.learned.next,"And what she remembers"
legacy.keep.title,"She will remember %d things"
legacy.keep.body,"A thing you wore or set aside, or a lesson you bought. Never Boon — she does not deal in measures. What she keeps comes back Scarred: weaker than it was, and worth nothing to her."
legacy.keep.next,"Enough. Who am I now?"
legacy.keep.whole,"%s — comes back whole"
legacy.kind.item,"a thing"
legacy.kind.node,"a lesson"
deed.first_way_out.name,"The Way Out"
deed.first_way_out.desc,"You found the surface once. She noticed."
deed.bore_them_home.name,"Bore Them Home"
deed.bore_them_home.desc,"%s's ember, carried the whole way. It was heavy and it was loud and you did it anyway."
deed.empty_handed.name,"Empty-Handed"
deed.empty_handed.desc,"You went down, you came back, and you took nothing. She does not understand it either."
deed.left_the_prize.name,"Left It Sitting"
deed.left_the_prize.desc,"The best thing down there is still down there."
deed.by_a_thread.name,"By A Thread"
deed.by_a_thread.desc,"There was almost nothing left of you at the door."
deeds.title,"What you did"
deeds.dismiss,"She has seen it"
deeds.someone,"Someone"
her.tithe_settled,"That is what you owed. You owe me nothing more this cycle."
her.boon_earned,"More than you owed. Ask something of me."
her.arrive_haul,"Bring it to my pile (%s). What you owe me first; past that, I pay in boon."
her.arrive_boon,"You hold %d boon. Ask it of me at my pile (%s)."
pact.boon_source,"Boon is what she pays for tribute past the Tithe — %d of %d toward the next."
node.wng_soft_boots.name,Soft Boots
node.wng_soft_boots.desc,"Crouching stops being quiet-ish and starts being silent."
node.wng_long_wind.name,Long Wind
node.wng_long_wind.desc,"An empty bag costs you nothing to run with. Come down light and you can run all day."
node.wng_light_step.name,Light Step
node.wng_light_step.desc,"A sprint is no louder than a walk. Whatever is listening learns nothing from your hurry."
node.wng_faint_trace.name,Faint Trace
node.wng_faint_trace.desc,"What you carry stops announcing itself. The weight is still there; the sound of it is not."
node.wng_stillness.name,Stillness
node.wng_stillness.desc,"Stop moving and eyes slide off you. Ears do not — hold your breath as well."
node.wng_second_wind.name,Second Wind
node.wng_second_wind.desc,"Standing still gives your breath back, however much you are carrying."
node.wng_open_bag.name,Open Bag
node.wng_open_bag.desc,"Rummage at a walk. It is still both hands, and it is no longer both feet."
node.wng_windward.name,Windward
node.wng_windward.desc,"A Waystone takes you almost before you have finished asking."
node.wng_bearers_grace.name,Bearer's Grace
node.wng_bearers_grace.desc,"A friend's ember stops weighing what a friend weighs. It is still as loud as it ever was."
node.wng_never_where_she_struck.name,Never Where She Struck
node.wng_never_where_she_struck.desc,"Take a wound and you may be three seconds ago instead — once a floor. The ground you left roars where you were standing, and everything hears which room the fight was in."
node.wng_quiet_door.name,The Quiet Door
node.wng_quiet_door.desc,"A Waystone takes you without a sound. Whatever was coming arrives to an empty room."
node.wng_swift_seal.name,Swift Seal
node.wng_swift_seal.desc,"A Shaft opens for you faster than it opens for anyone. It is still closing while you work."
node.wng_still_hands.name,Still Hands
node.wng_still_hands.desc,"You can get a friend up without telling the floor you are doing it."
calamity.cal_the_deepening.name,The Deepening
calamity.cal_the_drowning.name,The Drowning
calamity.cal_the_sealing.name,The Walling
calamity.cal_the_turning.name,The Turning
calamity.cal_the_waking.name,The Waking
node.rit_hk_shield_wall.name,"Shield Wall"
node.rit_hk_shield_wall.desc,"While you Hold, your raised shield stops blows from the sides as well as the front. You still cannot move."
node.rit_hk_shove.name,"Shove"
node.rit_hk_shove.desc,"Letting go of a Hold throws everything in front of you back a step and staggers it. It is loud, and it takes your breath."
node.rit_hk_take_the_blow.name,"Take the Blow"
node.rit_hk_take_the_blow.desc,"While you Hold, a blow aimed at a friend standing behind you lands on you instead."
node.rit_hk_last_door.name,"Last Door"
node.rit_hk_last_door.desc,"You can keep holding with no breath left. Every moment you hold past empty costs you blood, and it does not come back down here."
node.rit_vd_lure.name,"Lure"
node.rit_vd_lure.desc,"Your snare makes a small footstep every few seconds until something steps in. It calls anything — the Gold-Sick too."
node.rit_uh_blood_price.name,"Blood-Price"
node.rit_uh_blood_price.desc,"Each kill in the fury strikes something from the blood it owes."
node.rit_uh_howl.name,"The Howl"
node.rit_uh_howl.desc,"The howl that opens your fury staggers everything near you, as a blow would."
node.rit_uh_rising.name,"Rising Fury"
node.rit_uh_rising.desc,"Each blow you land in the fury feeds it a second, up to its length again."
node.rit_uh_neither_fire.name,"Neither Fire Nor Iron"
node.rit_uh_neither_fire.desc,"A heavy blow in the fury leaves no wound. Its blood is still owed."
node.scl_sure_footing.name,"Sure Footing"
node.scl_sure_footing.desc,"Scree under your feet is only stone: no louder than any other ground."
node.scl_deep_breath.name,"Deep Breath"
node.scl_deep_breath.desc,"Choke-damp no longer holds your breath. It still holds everyone else's."
node.scl_shuttered_flame.name,"Shuttered Flame"
node.scl_shuttered_flame.desc,"Your lamp burns in choke-damp, and opens in it."
node.scl_second_lungs.name,"Second Lungs"
node.scl_second_lungs.desc,"Breath returns while your guard is up."
node.scl_hard_head.name,"Hard Head"
node.scl_hard_head.desc,"A blow to the head does not ring it. No concussion."
node.scl_set_bone.name,"Set Bone"
node.scl_set_bone.desc,"A broken arm still guards, and still holds a two-handed weapon. It is still broken."
node.scl_knot_holds.name,"Knot Holds"
node.scl_knot_holds.desc,"Neither a blow nor a sprint undoes a binding you are tying."
node.scl_old_scars.name,"Old Scars"
node.scl_old_scars.desc,"A wound you already carry as a Scar is not taken again. The healed place holds."
node.scl_iron_wrist.name,"Iron Wrist"
node.scl_iron_wrist.desc,"A blade held up turns a heavy blow, as a shield does. Not a stone or an arrow."
node.scl_shrug_it_off.name,"Shrug It Off"
node.scl_shrug_it_off.desc,"A gashed leg does not slow you. The limp is still heard."
node.scl_braced.name,"Braced"
node.scl_braced.desc,"Standing still, your guard covers your back as well as your front."
node.scl_anvil_born.name,"Anvil-Born"
node.scl_anvil_born.desc,"The Deep's grounds do not touch you — scree, choke-damp, any of them. You cannot sprint."
node.rit_vd_gag.name,"Gag"
node.rit_vd_gag.desc,"Whatever your snare holds cannot call its kin while it is held."
node.rit_vd_pinning_shot.name,"Pinning Shot"
node.rit_vd_pinning_shot.desc,"An arrow into something that has not noticed you pins it where it stands, as your snare would. Loosing one springs any snare you have set."
node.rit_vd_cover_of_the_snap.name,"Cover of the Snap"
node.rit_vd_cover_of_the_snap.desc,"For a few seconds after your snare fires, you make no sound at all."
doll.unsworn,"Unsworn"
slot.main_hand,"hand"
slot.off_hand,"off hand"
slot.arms,"arms"
slot.head,"head"
slot.body,"body"
slot.pack,"pack"
doll.rank,"rank %d"
doll.health,"health"
doll.breath,"breath"
doll.wounds,"wounds"
doll.verb,"craft"
verb.hold,"Hold"
verb.snare,"Snare"
verb.fury,"Wolf-Fury"
worth.none,"nothing to her"
worth.trifle,"a trifle to her"
worth.fair,"worth her while"
worth.rich,"rich, to her"
worth.kingly,"a king's gift"
kind.worn,"worn · %s%s"
kind.both_hands,", both hands"
kind.ember,"an ember — carry it out"
kind.consumable,"used from the bag"
kind.glitter,"glitter — hers, if you give it"
kind.relic,"a relic"
kind.material,"material"
kind.carried,"carried"
card.weight,"weight"
card.heard,"heard"
card.heard_value,"%.1f m further"
card.takes,"takes"
card.takes_value,"%d × %d cells"
card.tribute,"tribute"
offer.worth,"worth %s"
shaft.fury_holds,"the fury will not go %s until it has run out"
waystone.fury_holds,"the fury will not let you leave until it has run out"
verb.hold.brief,"Hold: plant yourself and nothing gets past — breath drains while you stand"
verb.snare.brief,"Snare: kneel to set a trap at your feet — silent to set, loud when it shuts"
verb.fury.brief,"Wolf-Fury: hold to howl — blows are owed, paid when it ends; no step back, no bag"
hud.spent,"spent"
